time_period,time_identifier,geographic_level,country_code,country_name,region_code,region_name,old_la_code,new_la_code,la_name,Category,CINPlan_start,CINPlan_start_rate,CINPlan_child_start,CINPlan_child_start_rate,CINPlan_end,CINPlan_end_rate,CINPlan_child_end,CINPlan_child_end_rate,CINPlan_anypoint,CINPlan_anypoint_rate,CINPlan_child_anypoint,CINPlan_child_anypoint_rate,CINPlan_At31,CINPlan_At31_rate
2022,Reporting year,National,E92000001,England,,,,,,CIN Plans,202480,175.9,190710,165.7,194030,168.6,182660,158.7,299440,260.2,279530,242.9,104940,91.2
2022,Reporting year,Regional,E92000001,England,E12000001,North East,,,,CIN Plans,11220,222.9,10900,216.6,11470,227.8,11180,222.1,18430,366.1,17660,350.7,6970,138.4
2022,Reporting year,Regional,E92000001,England,E12000002,North West,,,,CIN Plans,33500,213.2,32000,203.6,33220,211.4,31840,202.6,48600,309.2,45630,290.3,15360,97.7
2022,Reporting year,Regional,E92000001,England,E12000003,Yorkshire and The Humber,,,,CIN Plans,24360,207.5,23040,196.2,23540,200.4,22330,190.1,34140,290.7,31890,271.6,10610,90.3
2022,Reporting year,Regional,E92000001,England,E12000004,East Midlands,,,,CIN Plans,16150,160.3,15670,155.5,15540,154.2,15150,150.4,23390,232.1,22400,222.3,7850,77.9
2022,Reporting year,Regional,E92000001,England,E12000005,West Midlands,,,,CIN Plans,15970,122.3,15650,119.8,15280,117,14990,114.7,26310,201.4,25470,195,11030,84.4
2022,Reporting year,Regional,E92000001,England,E12000006,East of England,,,,CIN Plans,11680,108,11350,104.9,11760,108.7,11470,106.1,18750,173.3,18020,166.6,6990,64.6
2022,Reporting year,Regional,E92000001,England,E12000007,London,,,,CIN Plans,29210,154.6,27240,144.2,26330,139.4,24590,130.2,44180,233.9,41220,218.2,17860,94.5
2022,Reporting year,Regional,E92000001,England,E12000008,South East,,,,CIN Plans,44380,238.3,39240,210.7,42560,228.5,37080,199.1,62700,336.7,55200,296.4,19700,105.8
2022,Reporting year,Regional,E92000001,England,E12000009,South West,,,,CIN Plans,16000,143.8,15620,140.4,14350,129,14030,126.1,22930,206.1,22040,198.1,8580,77.1
2022,Reporting year,Regional,E92000001,England,E13000001,Inner London,,,,CIN Plans,13250,190.1,11630,166.9,12030,172.6,10550,151.4,19490,279.7,17350,249,7460,107
2022,Reporting year,Regional,E92000001,England,E13000002,Outer London,,,,CIN Plans,15960,133.9,15600,130.9,14300,119.9,14040,117.7,24690,207.1,23870,200.2,10400,87.2
2022,Reporting year,Local authority,E92000001,England,E12000001,North East,840,E06000047,County Durham,CIN Plans,2719,266.6,2605,255.4,2634,258.3,2524,247.5,3877,380.2,3653,358.2,1243,121.9
2022,Reporting year,Local authority,E92000001,England,E12000001,North East,841,E06000005,Darlington,CIN Plans,380,167.9,371,163.9,382,168.8,380,167.9,711,314.1,687,303.5,329,145.4
2022,Reporting year,Local authority,E92000001,England,E12000001,North East,390,E08000037,Gateshead,CIN Plans,677,172.7,669,170.7,567,144.6,564,143.9,1108,282.6,1092,278.6,541,138
2022,Reporting year,Local authority,E92000001,England,E12000001,North East,805,E06000001,Hartlepool,CIN Plans,735,365.5,722,359.1,791,393.4,776,385.9,1232,612.7,1180,586.8,441,219.3
2022,Reporting year,Local authority,E92000001,England,E12000001,North East,806,E06000002,Middlesbrough,CIN Plans,1584,478.1,1522,459.4,1786,539.1,1727,521.3,2547,768.8,2399,724.1,761,229.7
2022,Reporting year,Local authority,E92000001,England,E12000001,North East,391,E08000021,Newcastle upon Tyne,CIN Plans,828,140.5,825,140,881,149.5,868,147.3,1499,254.4,1485,252,618,104.9
2022,Reporting year,Local authority,E92000001,England,E12000001,North East,392,E08000022,North Tyneside,CIN Plans,507,120.7,501,119.2,518,123.3,511,121.6,1035,246.3,1011,240.6,517,123
2022,Reporting year,Local authority,E92000001,England,E12000001,North East,929,E06000057,Northumberland,CIN Plans,1144,194.6,1122,190.8,1106,188.1,1091,185.5,1958,333,1880,319.7,852,144.9
2022,Reporting year,Local authority,E92000001,England,E12000001,North East,807,E06000003,Redcar and Cleveland,CIN Plans,587,212.6,574,207.9,711,257.5,699,253.2,1179,427.1,1145,414.7,468,169.5
2022,Reporting year,Local authority,E92000001,England,E12000001,North East,393,E08000023,South Tyneside,CIN Plans,x,x,x,x,x,x,x,x,x,x,x,x,x,x
2022,Reporting year,Local authority,E92000001,England,E12000001,North East,808,E06000004,Stockton-on-Tees,CIN Plans,1072,243.5,1030,234,1134,257.6,1096,249,1804,409.8,1701,386.4,670,152.2
2022,Reporting year,Local authority,E92000001,England,E12000001,North East,394,E08000024,Sunderland,CIN Plans,989,179.9,962,175,955,173.7,946,172.1,1481,269.4,1423,258.9,526,95.7
2022,Reporting year,Local authority,E92000001,England,E12000002,North West,889,E06000008,Blackburn with Darwen,CIN Plans,719,186,687,177.7,802,207.5,777,201,1145,296.2,1079,279.2,343,88.7
2022,Reporting year,Local authority,E92000001,England,E12000002,North West,890,E06000009,Blackpool,CIN Plans,834,286.5,817,280.7,748,257,733,251.8,1222,419.8,1166,400.5,474,162.8
2022,Reporting year,Local authority,E92000001,England,E12000002,North West,350,E08000001,Bolton,CIN Plans,2326,337.4,2080,301.8,2371,344,2167,314.4,2852,413.7,2533,367.5,481,69.8
2022,Reporting year,Local authority,E92000001,England,E12000002,North West,351,E08000002,Bury,CIN Plans,837,193.8,824,190.8,751,173.9,726,168.1,1244,288.1,1192,276.1,493,114.2
2022,Reporting year,Local authority,E92000001,England,E12000002,North West,895,E06000049,Cheshire East,CIN Plans,1267,162.3,1231,157.7,1370,175.5,1337,171.3,2008,257.2,1905,244,638,81.7
2022,Reporting year,Local authority,E92000001,England,E12000002,North West,896,E06000050,Cheshire West and Chester,CIN Plans,995,143.8,987,142.7,1002,144.8,986,142.5,1590,229.8,1541,222.8,588,85
2022,Reporting year,Local authority,E92000001,England,E12000002,North West,909,E10000006,Cumbria,CIN Plans,1714,185.6,1606,173.9,1722,186.4,1601,173.3,2502,270.9,2302,249.2,780,84.4
2022,Reporting year,Local authority,E92000001,England,E12000002,North West,876,E06000006,Halton,CIN Plans,678,235,614,212.9,660,228.8,605,209.7,1023,354.7,889,308.2,363,125.8
2022,Reporting year,Local authority,E92000001,England,E12000002,North West,340,E08000011,Knowsley,CIN Plans,473,137.4,457,132.7,568,164.9,553,160.6,850,246.8,811,235.5,282,81.9
2022,Reporting year,Local authority,E92000001,England,E12000002,North West,888,E10000017,Lancashire,CIN Plans,1707,67.5,1660,65.6,1687,66.7,1653,65.3,3125,123.5,3012,119.1,1438,56.8
2022,Reporting year,Local authority,E92000001,England,E12000002,North West,341,E08000012,Liverpool,CIN Plans,1565,161.8,1535,158.7,1565,161.8,1513,156.4,2356,243.5,2254,233,776,80.2
2022,Reporting year,Local authority,E92000001,England,E12000002,North West,352,E08000003,Manchester,CIN Plans,3805,307.2,3622,292.4,3908,315.5,3721,300.4,5242,423.2,4862,392.5,1334,107.7
2022,Reporting year,Local authority,E92000001,England,E12000002,North West,353,E08000004,Oldham,CIN Plans,1974,332,1974,332,2008,337.8,2008,337.8,2595,436.5,2595,436.5,587,98.7
2022,Reporting year,Local authority,E92000001,England,E12000002,North West,354,E08000005,Rochdale,CIN Plans,2934,544.9,2709,503.1,3174,589.5,2945,546.9,4076,757,3665,680.6,902,167.5
2022,Reporting year,Local authority,E92000001,England,E12000002,North West,355,E08000006,Salford,CIN Plans,1461,250,1423,243.5,833,142.5,823,140.8,1593,272.6,1551,265.4,760,130
2022,Reporting year,Local authority,E92000001,England,E12000002,North West,343,E08000014,Sefton,CIN Plans,1341,247.9,1311,242.3,1222,225.9,1203,222.4,2107,389.5,2009,371.4,885,163.6
2022,Reporting year,Local authority,E92000001,England,E12000002,North West,342,E08000013,St. Helens,CIN Plans,729,197.6,707,191.6,729,197.6,721,195.4,1170,317.1,1119,303.3,441,119.5
2022,Reporting year,Local authority,E92000001,England,E12000002,North West,356,E08000007,Stockport,CIN Plans,1537,240.5,1460,228.5,1612,252.3,1530,239.4,2411,377.3,2219,347.2,799,125
2022,Reporting year,Local authority,E92000001,England,E12000002,North West,357,E08000008,Tameside,CIN Plans,1596,313.2,1504,295.2,1461,286.7,1394,273.6,2087,409.6,1933,379.3,626,122.9
2022,Reporting year,Local authority,E92000001,England,E12000002,North West,358,E08000009,Trafford,CIN Plans,949,167.6,915,161.6,937,165.5,917,161.9,1440,254.3,1379,243.5,503,88.8
2022,Reporting year,Local authority,E92000001,England,E12000002,North West,877,E06000007,Warrington,CIN Plans,1110,251.3,1052,238.1,1232,278.9,1156,261.7,1651,373.7,1535,347.5,419,94.8
2022,Reporting year,Local authority,E92000001,England,E12000002,North West,359,E08000010,Wigan,CIN Plans,1811,261,1719,247.8,1769,255,1695,244.3,2618,377.3,2443,352.1,849,122.4
2022,Reporting year,Local authority,E92000001,England,E12000002,North West,344,E08000015,Wirral,CIN Plans,1138,168.8,1103,163.6,1093,162.1,1074,159.3,1691,250.8,1633,242.2,598,88.7
2022,Reporting year,Local authority,E92000001,England,E12000003,Yorkshire and The Humber,370,E08000016,Barnsley,CIN Plans,1024,198.4,1005,194.7,1082,209.6,1062,205.7,1617,313.2,1562,302.6,535,103.6
2022,Reporting year,Local authority,E92000001,England,E12000003,Yorkshire and The Humber,380,E08000032,Bradford,CIN Plans,2935,205.8,2857,200.3,3111,218.1,3054,214.1,4464,313,4312,302.3,1353,94.9
2022,Reporting year,Local authority,E92000001,England,E12000003,Yorkshire and The Humber,381,E08000033,Calderdale,CIN Plans,275,59.8,271,59,356,77.5,342,74.4,462,100.5,447,97.3,106,23.1
2022,Reporting year,Local authority,E92000001,England,E12000003,Yorkshire and The Humber,371,E08000017,Doncaster,CIN Plans,1175,174.4,1162,172.5,512,76,509,75.6,1177,174.7,1164,172.8,665,98.7
2022,Reporting year,Local authority,E92000001,England,E12000003,Yorkshire and The Humber,811,E06000011,East Riding of Yorkshire,CIN Plans,2085,329,1598,252.1,1753,276.6,1352,213.3,2278,359.4,1675,264.3,525,82.8
2022,Reporting year,Local authority,E92000001,England,E12000003,Yorkshire and The Humber,810,E06000010,"Kingston upon Hull, City of",CIN Plans,1806,313.6,1773,307.9,1782,309.5,1728,300.1,2777,482.2,2644,459.1,995,172.8
2022,Reporting year,Local authority,E92000001,England,E12000003,Yorkshire and The Humber,382,E08000034,Kirklees,CIN Plans,1797,179.7,1712,171.2,1874,187.4,1786,178.6,2516,251.5,2359,235.9,642,64.2
2022,Reporting year,Local authority,E92000001,England,E12000003,Yorkshire and The Humber,383,E08000035,Leeds,CIN Plans,1967,115.3,1939,113.7,2060,120.8,2024,118.7,2953,173.1,2880,168.8,893,52.4
2022,Reporting year,Local authority,E92000001,England,E12000003,Yorkshire and The Humber,812,E06000012,North East Lincolnshire,CIN Plans,898,260.6,871,252.8,1280,371.4,1232,357.5,1457,422.8,1382,401,177,51.4
2022,Reporting year,Local authority,E92000001,England,E12000003,Yorkshire and The Humber,813,E06000013,North Lincolnshire,CIN Plans,461,129.2,459,128.7,470,131.7,467,130.9,836,234.3,819,229.6,366,102.6
2022,Reporting year,Local authority,E92000001,England,E12000003,Yorkshire and The Humber,815,E10000023,North Yorkshire,CIN Plans,2229,189.4,2101,178.6,2126,180.7,2021,171.8,3399,288.9,3179,270.2,1273,108.2
2022,Reporting year,Local authority,E92000001,England,E12000003,Yorkshire and The Humber,372,E08000018,Rotherham,CIN Plans,1161,202.1,1133,197.2,1223,212.9,1178,205,1752,304.9,1670,290.7,529,92.1
2022,Reporting year,Local authority,E92000001,England,E12000003,Yorkshire and The Humber,373,E08000019,Sheffield,CIN Plans,3840,324.3,3558,300.5,3741,316,3449,291.3,5255,443.8,4730,399.5,1514,127.9
2022,Reporting year,Local authority,E92000001,England,E12000003,Yorkshire and The Humber,384,E08000036,Wakefield,CIN Plans,2108,281.1,2043,272.5,1617,215.6,1586,211.5,2281,304.2,2207,294.3,664,88.5
2022,Reporting year,Local authority,E92000001,England,E12000003,Yorkshire and The Humber,816,E06000014,York,CIN Plans,602,164.5,556,151.9,548,149.7,538,147,920,251.4,861,235.2,372,101.6
2022,Reporting year,Local authority,E92000001,England,E12000004,East Midlands,831,E06000015,Derby,CIN Plans,2020,338.4,1930,323.3,2102,352.1,2050,343.4,2905,486.7,2764,463.1,803,134.5
2022,Reporting year,Local authority,E92000001,England,E12000004,East Midlands,830,E10000007,Derbyshire,CIN Plans,3608,233.1,3441,222.3,3677,237.6,3559,230,5386,348,5051,326.4,1709,110.4
2022,Reporting year,Local authority,E92000001,England,E12000004,East Midlands,856,E06000016,Leicester,CIN Plans,1014,120.6,971,115.5,1102,131.1,1055,125.5,1379,164,1297,154.3,277,32.9
2022,Reporting year,Local authority,E92000001,England,E12000004,East Midlands,855,E10000018,Leicestershire,CIN Plans,1176,82,1164,81.2,1228,85.7,1213,84.6,1917,133.7,1874,130.7,689,48.1
2022,Reporting year,Local authority,E92000001,England,E12000004,East Midlands,925,E10000019,Lincolnshire,CIN Plans,2105,142.9,2061,139.9,1931,131.1,1898,128.8,3534,239.9,3413,231.7,1603,108.8
2022,Reporting year,Local authority,E92000001,England,E12000004,East Midlands,940,E06000061,North Northamptonshire,CIN Plans,1077,x,1063,x,716,x,708,x,1228,x,1208,x,512,x
2022,Reporting year,Local authority,E92000001,England,E12000004,East Midlands,892,E06000018,Nottingham,CIN Plans,959,138.4,938,135.4,1124,162.2,1102,159.1,1652,238.4,1612,232.7,528,76.2
2022,Reporting year,Local authority,E92000001,England,E12000004,East Midlands,891,E10000024,Nottinghamshire,CIN Plans,2997,177.9,2931,174,2817,167.2,2740,162.6,3950,234.4,3785,224.7,1133,67.2
2022,Reporting year,Local authority,E92000001,England,E12000004,East Midlands,857,E06000017,Rutland,CIN Plans,72,91.7,72,91.7,101,128.7,98,124.8,127,161.8,124,158,26,33.1
2022,Reporting year,Local authority,E92000001,England,E12000004,East Midlands,941,E06000062,West Northamptonshire,CIN Plans,1126,x,1098,x,740,x,731,x,1312,x,1276,x,572,x
2022,Reporting year,Local authority,E92000001,England,E12000005,West Midlands,330,E08000025,Birmingham,CIN Plans,1626,56.8,1612,56.3,1707,59.6,1686,58.8,3049,106.4,2989,104.3,1342,46.8
2022,Reporting year,Local authority,E92000001,England,E12000005,West Midlands,331,E08000026,Coventry,CIN Plans,1748,216.3,1715,212.2,1772,219.3,1730,214.1,2628,325.2,2506,310.1,856,105.9
2022,Reporting year,Local authority,E92000001,England,E12000005,West Midlands,332,E08000027,Dudley,CIN Plans,951,136.6,932,133.9,917,131.8,894,128.5,1533,220.3,1487,213.7,616,88.5
2022,Reporting year,Local authority,E92000001,England,E12000005,West Midlands,884,E06000019,"Herefordshire, County of",CIN Plans,590,163.8,577,160.1,449,124.6,437,121.3,783,217.3,747,207.3,334,92.7
2022,Reporting year,Local authority,E92000001,England,E12000005,West Midlands,333,E08000028,Sandwell,CIN Plans,1089,131.2,1058,127.5,1356,163.4,1314,158.3,1839,221.6,1754,211.3,483,58.2
2022,Reporting year,Local authority,E92000001,England,E12000005,West Midlands,893,E06000051,Shropshire,CIN Plans,582,96.5,573,95,578,95.9,567,94,1058,175.5,1030,170.8,480,79.6
2022,Reporting year,Local authority,E92000001,England,E12000005,West Midlands,334,E08000029,Solihull,CIN Plans,510,106.4,496,103.5,406,84.7,395,82.4,708,147.7,675,140.8,302,63
2022,Reporting year,Local authority,E92000001,England,E12000005,West Midlands,860,E10000028,Staffordshire,CIN Plans,1761,102.8,1739,101.5,1916,111.9,1907,111.3,3230,188.6,3163,184.7,1314,76.7
2022,Reporting year,Local authority,E92000001,England,E12000005,West Midlands,861,E06000021,Stoke-on-Trent,CIN Plans,1447,248.2,1404,240.8,1404,240.8,1355,232.4,2255,386.8,2118,363.3,851,146
2022,Reporting year,Local authority,E92000001,England,E12000005,West Midlands,894,E06000020,Telford and Wrekin,CIN Plans,550,132.1,521,125.1,482,115.7,474,113.8,1018,244.4,974,233.9,536,128.7
2022,Reporting year,Local authority,E92000001,England,E12000005,West Midlands,335,E08000030,Walsall,CIN Plans,667,96.1,667,96.1,512,73.8,512,73.8,1101,158.7,1101,158.7,589,84.9
2022,Reporting year,Local authority,E92000001,England,E12000005,West Midlands,937,E10000031,Warwickshire,CIN Plans,1727,144.9,1716,144,1248,104.7,1238,103.9,2923,245.3,2884,242,1675,140.6
2022,Reporting year,Local authority,E92000001,England,E12000005,West Midlands,336,E08000031,Wolverhampton,CIN Plans,1306,207.1,1265,200.6,1211,192.1,1196,189.7,1878,297.9,1827,289.8,667,105.8
2022,Reporting year,Local authority,E92000001,England,E12000005,West Midlands,885,E10000034,Worcestershire,CIN Plans,1419,118.9,1378,115.5,1325,111,1283,107.5,2307,193.3,2219,185.9,982,82.3
2022,Reporting year,Local authority,E92000001,England,E12000006,East of England,822,E06000055,Bedford,CIN Plans,690,167.6,660,160.3,617,149.9,604,146.7,1064,258.4,1022,248.2,447,108.6
2022,Reporting year,Local authority,E92000001,England,E12000006,East of England,873,E10000003,Cambridgeshire,CIN Plans,1264,91.9,1229,89.3,1233,89.6,1196,86.9,1814,131.9,1746,126.9,581,42.2
2022,Reporting year,Local authority,E92000001,England,E12000006,East of England,823,E06000056,Central Bedfordshire,CIN Plans,547,83.9,546,83.7,492,75.5,492,75.5,896,137.4,895,137.3,404,62
2022,Reporting year,Local authority,E92000001,England,E12000006,East of England,881,E10000012,Essex,CIN Plans,1975,62.3,1951,61.5,1916,60.4,1901,60,3347,105.6,3269,103.1,1431,45.1
2022,Reporting year,Local authority,E92000001,England,E12000006,East of England,919,E10000015,Hertfordshire,CIN Plans,x,x,x,x,x,x,x,x,x,x,x,x,x,x
2022,Reporting year,Local authority,E92000001,England,E12000006,East of England,821,E06000032,Luton,CIN Plans,711,122.4,688,118.5,787,135.5,772,132.9,1300,223.9,1261,217.1,513,88.3
2022,Reporting year,Local authority,E92000001,England,E12000006,East of England,926,E10000020,Norfolk,CIN Plans,2334,135.6,2244,130.3,2336,135.7,2239,130,3582,208,3389,196.8,1246,72.4
2022,Reporting year,Local authority,E92000001,England,E12000006,East of England,874,E06000031,Peterborough,CIN Plans,766,145.8,750,142.8,735,139.9,725,138,1245,237,1197,227.9,510,97.1
2022,Reporting year,Local authority,E92000001,England,E12000006,East of England,882,E06000033,Southend-on-Sea,CIN Plans,715,179.9,689,173.4,749,188.5,728,183.2,1069,269,1018,256.2,320,80.5
2022,Reporting year,Local authority,E92000001,England,E12000006,East of England,935,E10000029,Suffolk,CIN Plans,1874,122.6,1830,119.7,1954,127.8,1904,124.6,2985,195.3,2847,186.2,1031,67.4
2022,Reporting year,Local authority,E92000001,England,E12000006,East of England,883,E06000034,Thurrock,CIN Plans,803,176.9,764,168.4,938,206.7,911,200.7,1447,318.9,1377,303.4,509,112.2
2022,Reporting year,Local authority,E92000001,England,E12000008,South East,867,E06000036,Bracknell Forest,CIN Plans,x,x,x,x,x,x,x,x,x,x,x,x,x,x
2022,Reporting year,Local authority,E92000001,England,E12000008,South East,846,E06000043,Brighton and Hove,CIN Plans,x,x,x,x,x,x,x,x,x,x,x,x,x,x
2022,Reporting year,Local authority,E92000001,England,E12000008,South East,825,E06000060,Buckinghamshire,CIN Plans,2284,180.1,2231,175.9,1979,156.1,1937,152.8,3438,271.1,3310,261,1459,115.1
2022,Reporting year,Local authority,E92000001,England,E12000008,South East,845,E10000011,East Sussex,CIN Plans,1277,119.8,1239,116.3,1245,116.8,1205,113.1,2286,214.5,2191,205.6,1041,97.7
2022,Reporting year,Local authority,E92000001,England,E12000008,South East,850,E10000014,Hampshire,CIN Plans,17371,608.2,14311,501.1,18572,650.3,15183,531.6,21172,741.3,17345,607.3,2600,91
2022,Reporting year,Local authority,E92000001,England,E12000008,South East,921,E06000046,Isle of Wight,CIN Plans,2228,903,1818,736.8,2419,980.4,1967,797.2,2642,1070.8,2093,848.3,223,90.4
2022,Reporting year,Local authority,E92000001,England,E12000008,South East,886,E10000016,Kent,CIN Plans,5083,146.7,4958,143.1,4740,136.8,4622,133.4,8197,236.5,7859,226.8,3457,99.7
2022,Reporting year,Local authority,E92000001,England,E12000008,South East,887,E06000035,Medway,CIN Plans,398,60.8,398,60.8,7,1.1,7,1.1,436,66.6,432,66,429,65.6
2022,Reporting year,Local authority,E92000001,England,E12000008,South East,826,E06000042,Milton Keynes,CIN Plans,1459,210.5,1426,205.7,1298,187.3,1261,181.9,2628,379.2,2509,362,1330,191.9
2022,Reporting year,Local authority,E92000001,England,E12000008,South East,931,E10000025,Oxfordshire,CIN Plans,1880,126.9,1845,124.6,1891,127.7,1856,125.3,3279,221.4,3167,213.8,1388,93.7
2022,Reporting year,Local authority,E92000001,England,E12000008,South East,851,E06000044,Portsmouth,CIN Plans,605,138.3,599,136.9,536,122.5,529,120.9,785,179.4,769,175.7,249,56.9
2022,Reporting year,Local authority,E92000001,England,E12000008,South East,870,E06000038,Reading,CIN Plans,1898,509.5,1716,460.6,1687,452.8,1543,414.2,2743,736.3,2429,652,1056,283.5
2022,Reporting year,Local authority,E92000001,England,E12000008,South East,871,E06000039,Slough,CIN Plans,983,225.2,968,221.7,880,201.6,863,197.7,1493,342,1451,332.4,613,140.4
2022,Reporting year,Local authority,E92000001,England,E12000008,South East,852,E06000045,Southampton,CIN Plans,2839,548,2508,484.1,915,176.6,738,142.5,2930,565.6,2567,495.5,2015,389
2022,Reporting year,Local authority,E92000001,England,E12000008,South East,936,E10000030,Surrey,CIN Plans,2331,88,2296,86.6,2394,90.3,2358,89,4294,162,4175,157.5,1900,71.7
2022,Reporting year,Local authority,E92000001,England,E12000008,South East,869,E06000037,West Berkshire,CIN Plans,980,275.7,692,194.7,825,232.1,549,154.4,1098,308.9,778,218.9,273,76.8
2022,Reporting year,Local authority,E92000001,England,E12000008,South East,938,E10000032,West Sussex,CIN Plans,2376,134,1847,104.1,2764,155.8,2062,116.3,4679,263.8,3529,199,1467,82.7
2022,Reporting year,Local authority,E92000001,England,E12000008,South East,868,E06000040,Windsor and Maidenhead,CIN Plans,389,112.2,387,111.6,403,116.2,398,114.8,600,173,592,170.7,197,56.8
2022,Reporting year,Local authority,E92000001,England,E12000008,South East,872,E06000041,Wokingham,CIN Plans,x,x,x,x,x,x,x,x,x,x,x,x,x,x
2022,Reporting year,Local authority,E92000001,England,E12000009,South West,800,E06000022,Bath and North East Somerset,CIN Plans,347,94.6,341,93,423,115.3,412,112.3,756,206.1,734,200.1,333,90.8
2022,Reporting year,Local authority,E92000001,England,E12000009,South West,839,E06000058,"Bournemouth, Christchurch and Poole",CIN Plans,1742,228.2,1658,217.2,1671,218.9,1608,210.6,2534,331.9,2356,308.6,863,113
2022,Reporting year,Local authority,E92000001,England,E12000009,South West,801,E06000023,"Bristol, City of",CIN Plans,1202,127.3,1164,123.3,1189,125.9,1143,121.1,1782,188.8,1681,178.1,593,62.8
2022,Reporting year,Local authority,E92000001,England,E12000009,South West,908,E06000052,Cornwall,CIN Plans,1338,122.8,1314,120.6,1337,122.7,1316,120.8,1837,168.6,1788,164.1,500,45.9
2022,Reporting year,Local authority,E92000001,England,E12000009,South West,878,E10000008,Devon,CIN Plans,1831,123.7,1809,122.2,1481,100,1453,98.1,2466,166.5,2388,161.3,985,66.5
2022,Reporting year,Local authority,E92000001,England,E12000009,South West,838,E06000059,Dorset,CIN Plans,1269,187.5,1225,181,1213,179.2,1184,174.9,2029,299.7,1929,284.9,816,120.5
2022,Reporting year,Local authority,E92000001,England,E12000009,South West,916,E10000013,Gloucestershire,CIN Plans,2156,166.4,2099,162,2027,156.5,2004,154.7,3104,239.6,2991,230.9,1077,83.1
2022,Reporting year,Local authority,E92000001,England,E12000009,South West,420,E06000053,Isles of Scilly,CIN Plans,x,x,x,x,x,x,x,x,x,x,x,x,x,x
2022,Reporting year,Local authority,E92000001,England,E12000009,South West,802,E06000024,North Somerset,CIN Plans,413,94.2,404,92.2,385,87.9,372,84.9,624,142.4,601,137.2,239,54.5
2022,Reporting year,Local authority,E92000001,England,E12000009,South West,879,E06000026,Plymouth,CIN Plans,1020,191.4,1003,188.2,984,184.6,967,181.5,1472,276.2,1434,269.1,488,91.6
2022,Reporting year,Local authority,E92000001,England,E12000009,South West,933,E10000027,Somerset,CIN Plans,886,79.6,877,78.8,776,69.7,765,68.7,1405,126.2,1376,123.6,629,56.5
2022,Reporting year,Local authority,E92000001,England,E12000009,South West,803,E06000025,South Gloucestershire,CIN Plans,610,101.8,608,101.5,529,88.3,527,87.9,946,157.9,935,156,417,69.6
2022,Reporting year,Local authority,E92000001,England,E12000009,South West,866,E06000030,Swindon,CIN Plans,560,110.3,560,110.3,198,39,198,39,560,110.3,560,110.3,362,71.3
2022,Reporting year,Local authority,E92000001,England,E12000009,South West,880,E06000027,Torbay,CIN Plans,1195,468.9,1146,449.7,723,283.7,705,276.6,1212,475.6,1163,456.4,489,191.9
2022,Reporting year,Local authority,E92000001,England,E12000009,South West,865,E06000054,Wiltshire,CIN Plans,1432,134.7,1411,132.8,1412,132.9,1377,129.6,2203,207.3,2105,198.1,791,74.4
2022,Reporting year,Local authority,E92000001,England,E13000001,Inner London,202,E09000007,Camden,CIN Plans,895,165.4,873,161.4,953,176.2,944,174.5,1608,297.2,1572,290.6,655,121.1
2022,Reporting year,Local authority,E92000001,England,E13000001,Inner London,201,E09000001,City of London,CIN Plans,26,142.5,26,142.5,0,0,0,0,36,197.3,36,197.3,36,197.3
2022,Reporting year,Local authority,E92000001,England,E13000001,Inner London,204,E09000012,Hackney,CIN Plans,x,x,x,x,x,x,x,x,x,x,x,x,x,x
2022,Reporting year,Local authority,E92000001,England,E13000001,Inner London,205,E09000013,Hammersmith and Fulham,CIN Plans,303,81.6,297,80,400,107.8,394,106.2,704,189.7,673,181.3,304,81.9
2022,Reporting year,Local authority,E92000001,England,E13000001,Inner London,309,E09000014,Haringey,CIN Plans,1173,197.3,1172,197.1,1078,181.3,1073,180.5,1668,280.5,1662,279.5,590,99.2
2022,Reporting year,Local authority,E92000001,England,E13000001,Inner London,206,E09000019,Islington,CIN Plans,2463,569.7,1141,263.9,2547,589.1,1253,289.8,3060,707.8,1392,322,513,118.7
2022,Reporting year,Local authority,E92000001,England,E13000001,Inner London,207,E09000020,Kensington and Chelsea,CIN Plans,1304,448,1182,406.1,1241,426.4,1136,390.3,1643,564.5,1476,507.1,402,138.1
2022,Reporting year,Local authority,E92000001,England,E13000001,Inner London,208,E09000022,Lambeth,CIN Plans,1040,168.7,1013,164.3,86,14,86,14,1040,168.7,1013,164.3,954,154.8
2022,Reporting year,Local authority,E92000001,England,E13000001,Inner London,209,E09000023,Lewisham,CIN Plans,837,122.6,823,120.5,839,122.9,834,122.2,1344,196.8,1316,192.7,505,74
2022,Reporting year,Local authority,E92000001,England,E13000001,Inner London,316,E09000025,Newham,CIN Plans,1245,143.9,1227,141.8,1266,146.3,1243,143.7,2151,248.6,2100,242.7,885,102.3
2022,Reporting year,Local authority,E92000001,England,E13000001,Inner London,210,E09000028,Southwark,CIN Plans,903,137,892,135.3,885,134.3,880,133.5,1760,267,1725,261.7,875,132.8
2022,Reporting year,Local authority,E92000001,England,E13000001,Inner London,211,E09000030,Tower Hamlets,CIN Plans,1358,183.4,1330,179.6,1464,197.7,1450,195.8,2025,273.5,1980,267.4,561,75.8
2022,Reporting year,Local authority,E92000001,England,E13000001,Inner London,212,E09000032,Wandsworth,CIN Plans,1198,184.3,1153,177.4,1078,165.9,1064,163.7,1945,299.3,1900,292.4,867,133.4
2022,Reporting year,Local authority,E92000001,England,E13000001,Inner London,213,E09000033,Westminster,CIN Plans,505,99.6,505,99.6,194,38.3,194,38.3,505,99.6,505,99.6,311,61.3
2022,Reporting year,Local authority,E92000001,England,E13000002,Outer London,301,E09000002,Barking and Dagenham,CIN Plans,1655,258.2,1613,251.7,1536,239.7,1499,233.9,2489,388.3,2396,373.8,953,148.7
2022,Reporting year,Local authority,E92000001,England,E13000002,Outer London,302,E09000003,Barnet,CIN Plans,x,x,x,x,x,x,x,x,x,x,x,x,x,x
2022,Reporting year,Local authority,E92000001,England,E13000002,Outer London,303,E09000004,Bexley,CIN Plans,1006,175.2,947,164.9,970,168.9,914,159.2,1494,260.2,1379,240.1,524,91.3
2022,Reporting year,Local authority,E92000001,England,E13000002,Outer London,304,E09000005,Brent,CIN Plans,1149,147.5,1142,146.6,1138,146.1,1134,145.6,1273,163.5,1266,162.6,135,17.3
2022,Reporting year,Local authority,E92000001,England,E13000002,Outer London,305,E09000006,Bromley,CIN Plans,820,108.7,750,99.4,116,15.4,110,14.6,1006,133.3,896,118.7,890,117.9
2022,Reporting year,Local authority,E92000001,England,E13000002,Outer London,306,E09000008,Croydon,CIN Plans,1424,149.4,1407,147.6,1281,134.4,1272,133.5,2219,232.8,2182,228.9,938,98.4
2022,Reporting year,Local authority,E92000001,England,E13000002,Outer London,307,E09000009,Ealing,CIN Plans,1070,130.2,1057,128.6,1070,130.2,1057,128.6,1715,208.6,1660,201.9,645,78.5
2022,Reporting year,Local authority,E92000001,England,E13000002,Outer London,308,E09000010,Enfield,CIN Plans,1135,134.5,1110,131.5,944,111.9,932,110.4,1967,233.1,1905,225.7,1023,121.2
2022,Reporting year,Local authority,E92000001,England,E13000002,Outer London,203,E09000011,Greenwich,CIN Plans,508,73.1,502,72.2,498,71.7,494,71.1,741,106.6,727,104.6,243,35
2022,Reporting year,Local authority,E92000001,England,E13000002,Outer London,310,E09000015,Harrow,CIN Plans,752,125.4,746,124.4,699,116.6,691,115.2,1269,211.6,1252,208.8,570,95
2022,Reporting year,Local authority,E92000001,England,E13000002,Outer London,311,E09000016,Havering,CIN Plans,621,105.2,621,105.2,530,89.8,530,89.8,938,158.9,938,158.9,408,69.1
2022,Reporting year,Local authority,E92000001,England,E13000002,Outer London,312,E09000017,Hillingdon,CIN Plans,1198,160.5,1172,157,1116,149.5,1095,146.7,1893,253.6,1812,242.7,777,104.1
2022,Reporting year,Local authority,E92000001,England,E13000002,Outer London,313,E09000018,Hounslow,CIN Plans,921,140,895,136.1,840,127.7,811,123.3,1358,206.5,1288,195.8,518,78.8
2022,Reporting year,Local authority,E92000001,England,E13000002,Outer London,314,E09000021,Kingston upon Thames,CIN Plans,445,111.1,435,108.6,455,113.6,441,110.1,703,175.5,669,167.1,248,61.9
2022,Reporting year,Local authority,E92000001,England,E13000002,Outer London,315,E09000024,Merton,CIN Plans,137,28.7,136,28.5,123,25.8,119,24.9,278,58.2,269,56.3,155,32.5
2022,Reporting year,Local authority,E92000001,England,E13000002,Outer London,317,E09000026,Redbridge,CIN Plans,800,104.6,784,102.6,678,88.7,668,87.4,1531,200.3,1499,196.1,853,111.6
2022,Reporting year,Local authority,E92000001,England,E13000002,Outer London,318,E09000027,Richmond upon Thames,CIN Plans,472,103.1,463,101.1,423,92.4,419,91.5,723,157.9,702,153.3,300,65.5
2022,Reporting year,Local authority,E92000001,England,E13000002,Outer London,319,E09000029,Sutton,CIN Plans,796,161.3,792,160.5,822,166.6,815,165.1,1568,317.7,1547,313.5,746,151.2
2022,Reporting year,Local authority,E92000001,England,E13000002,Outer London,320,E09000031,Waltham Forest,CIN Plans,1051,156.5,1030,153.4,1057,157.4,1035,154.2,1528,227.6,1483,220.9,471,70.2
